,title,category
0,학원 원장입니다   청소년 방역패스 에 대한 제 생각은요,Culture
1, 조용한 암 으로 알려진 난소암  초기 단계 증상 있다 ,Culture
2, 날씨  내일 아침 오늘보다 추워 한파특보 확대 강화,Culture
3,올리브오일에 알갱이가  둥둥   사도 좋을까요 ,Culture
4,한파특보 확대 강화 내일 더 춥다  서울    도 ,Culture
5,미용  필수 의료  건보 적용되는 비만 수술과 유방 수술,Culture
6, 박규리 전 남친  송자호는 누구       년생 아니고   년생 ,Culture
7,광야에서도 꽃 피우는 삶,Culture
8,천상 기도꾼 이홍옥 권사님   당신은 흔들릴 때마다 중심잡아준 영원한 버팀목 ,Culture
9,내일 출근길 더 춥다 아침 최저  영하   도  강추위,Culture
10, 난 신세계간다  정용진 불매 대항마   바이콧 BUYCOTT   나왔다,Culture
11, 겨울철 내 차 타이어  이렇게  점검하세요 ,Culture
12,겨울철 왼쪽 가슴에 찌릿한 통증 자주 느낀다면 ,Culture
13, 날씨  내일 오늘보다 추워 오전까지 호남서해안  제주 눈,Culture
14, 날씨  오늘보다 내일 더 춥다 한파특보 확대   강화,Culture
15,평생 후유증 남기는 뇌졸중   이런 증상  생기면 의심,Culture
16,사춘기 자녀가 있다면    엄마도 좀  살자 ,Culture
17, 포켓이슈  콘돔  불황인데도 왜 안 팔려  속내를 보니,Culture
18,불교 시민단체  적폐세력 정치행사에 승려대회 명칭 쓰지 마라 ,Culture
19,내일  먹는 치료제  도입 계획 발표 이르면   일부터 투약,Culture
20,학원 원장입니다   청소년 방역패스 에 대한 제 생각은요,Culture
21, 조용한 암 으로 알려진 난소암  초기 단계 증상 있다 ,Culture
22, 날씨  내일 아침 오늘보다 추워 한파특보 확대 강화,Culture
23,올리브오일에 알갱이가  둥둥   사도 좋을까요 ,Culture
24, 퇴근후  시 예약 되나요  식당인줄 알았더니  전기차 예약제 유럽서 첫 등장,Culture
25, 퇴근길 날씨  내일 더 추워져 한파특보 확대,Culture
26, 고구려 문화층을 위진시대로 분류 중국에서 고구려사 사라진다 ,Culture
27,감기에 걸리면 코로나   예방효과 발생  연구 ,Culture
28,한라산에 최고       눈  내일까지 최고     더 내려 ,Culture
29,도쿄 유명백화점에 K화장품 상설점,Culture
30,강남 서초는 와인에 취했는데 길 건너 옆동네  이것 으로 달린다,Culture
31, 퇴근길 날씨  수도권   도 안팎 강추위 지속 일부지역 한파특보,Culture
32, 단독    신격호 동생 신준호 푸르밀 회장 퇴진      세 시대  개막,Culture
33, 날씨  내일 찬바람 더 강해져 전국 대부분 한파 특보,Culture
34,올해  최고 다이어트 식단 은 이것  식탐 ,Culture
35, 이런 여행  한정식 돼지불고기 회춘탕 산해진미 강진의 맛,Culture
36,당국  화이자 먹는 치료제 초도물량   일 정오 국내 도착 ,Culture
37, 영상  신차보다 비싸다고   중고차시장 가보니 감가상각 대신 프리미엄,Culture
38, 내일 날씨  전국 곳곳 한파특보  강추위  절정  남부지방  눈 ,Culture
39, 탄허학   세기 공통 화두가 될 것    첫 학술서 펴내,Culture
40,달리기보다 줄넘기가 좋은 이유 ,Culture
41,미국 밀레니얼 세대는 사회주의에 열광한다는데 한국은 왜,Culture
42,error,Culture
43,볼보코리아  내달 전기차  C   XC   리차지  출시   상품성 브랜드 차별화 관건 ,Culture
44, 저녁잇슈      년  월   일 화요일,Culture
45, 서민갑부  연 매출   억 원 드레스룸 로망을 이뤄주는 가구장이의 성공 스토리,Culture
46,여의도에서 성공한 이 매장  판교점에도 선보인다는 현대백화점,Culture
47, 단독  출고  개월 기다렸는데  기아  디젤차 최대   만원 가격 인상,Culture
48,남편 죽인 파트리치아는 세기의 악녀일까   영화  하우스 오브 구찌   리뷰 ,Culture
49,한국GM  올해 타호 시에라 출시로  초대형  시장 개척한다,Culture
50, 단독 현대차 기아 노조  공동 교섭 결의   전기차 생산  빨간불 ,Culture
51, 구하기 정말  드네요  다이소 복 호랑이 스티커 뭐길래,Culture
52, 단독   설강화  공개 서한 참여한 교수  디즈니   무책임 ,Culture
53,체중감량 돕고 눈 건강에 도움되는 이 음식은 ,Culture
54,설화수 발목잡는 이니스프리의  늪  아모레  올해도  첩첩산중 ,Culture
55,    원 머핀 주문하고 정확      원만 낸 남매에 사장이 한 말,Culture
56,치매 징후 있어도 운동이 뇌 보호할 수 있다,Culture
57,이번엔 이정재   크리틱스 초이스 서 남우주연상 기대,Culture
58, 년새 관광객   배   인구    명 신안 외딴 섬에 무슨 일이,Culture
59, 날씨  밤부터 한파특보 확대 강화 내일 서울    도,Culture
60,방역패스 해외보다 느슨  미국 유럽 보니     ,Culture
61,error,Culture
62,돼지가 시한부 환자 살렸다    연구팀  최초 돼지 심장 이식,Culture
63,지난해 승용차 시장  위  기아   현대차  꺾어,Culture
64,주부뿐 아니라 직장인도 흔한 이 질환은 무엇 ,Culture
65, 날씨  전국 공기 깨끗 내일 서울 최저  영하   도  강추위 ,Culture
66,현대모비스   자율주행 기술  확보 연구개발 박차,Culture
67,고유종  천만년 터 잡던  천연 남극 에 외래생물은 어떻게 오나,Culture
68,  설강화  역사 왜곡 우려  국내외 학자들  디즈니 에 공개서한,Culture
69, 동편제 뿌리를 밝혀낸 것이 가장 큰 보람 ,Culture
70,늘어나는      대 유방암 환자   검진 시기는 ,Culture
71, 이젠 혼맥도 부담되네  편의점 맥주   캔  만원  사라진다,Culture
72,잠 안 올 때 먹으면 좋은  영양제   ,Culture
73,절개창    개로도 안전한 비만대사수술 가능,Culture
74, 병상 배정 못 받아    시간 대기   충격이었다 ,Culture
75,여기자   명 중  명  성희롱 노출되면 침묵    배경 보니,Culture
76, 나의 축제는 거칠 것이 없어라  백남준 말이 맞았다,Culture
77, 지구용 댕냥이 수제간식 조심해야 하는 이유,Culture
78,아무도 찾지 않던 신안 외딴 섬  관광객   배 증가 이유는,Culture
79,에스제이엠   미래차 부품 냉각유로  엠에이치기술개발 경영권 확보,Culture
80, 날씨  종일 영하권 추위   내일 한파 절정,Culture
81, 비싸네   한정판이니까     버터  적  BTS 마스크  장에     원,Culture
82,error,Culture
83, 팔꿈치에  이 증상  생겼다면 당장 의심해봐야  영국서 발견된 오미크론 예후,Culture
84, 머리 속 시한폭탄  뇌동맥류  이런 증상 나타나면 ,Culture
85,윤여정 이어 오영수까지 세대 국경 넘어 울림 주는 한국 배우들,Culture
86,학문이 된 고승 탄허    세기 인류의 화두 될 것 ,Culture
87, 수요일 아침  부동산 전망  대통령 후보자에게 물어보세요,Culture
88,당뇨병 환자  혈당    이상시 심근경색 사망률    배 ,Culture
89,코심 대표에 오케스트라 운영 관계없는 낙하산 인사,Culture
90,칼바람 속    주 얼고녹기 반복해야 탄생하는 명품 밀양 한천,Culture
91, 대타도 마다않는  무대에 참 진심인 배우  동료 선후배가 본 오영수,Culture
92,   굽이굽이   로 가는 길   굽이진 삶 위로하다,Culture
93, 코로나   장기화로 인한 우울증    대가 가장 위험 ,Culture
94,공무원 조직  꼰대 와  꼰무새 가 상생하는 꿀팁,Culture
95, 날씨  전국 대부분 한파 특보 내일 추위 더 심해,Culture
96, 유전자 교정 돼지 심장  인간의 가슴을 다시 뛰게 했다  인간 이식 첫 성공,Culture
97,뼈 건강 위해 칼슘을   이 영양소  부족하면 말짱 도루묵,Culture
98, 날씨  강력 한파  낮에도 영하권   내일 더 춥다,Culture
99,화이자 CEO  올  월 오미크론 백신 나올 것   모더나는 가을쯤,Culture
100, 지구용 유기견도 안락사도 없는 영국  비결은,Culture
101,마스크 한 장에  천 원 방탄소년단 굿즈 또 가격 논란,Culture
102, 설강화 비판  국제 시청자들은 못 들어  학자들  디즈니에 공개서한,Culture
103,error,Culture
104, 갑자기 피부에  이것  생기면 오미크론 의심하라 ,Culture
105, 방역 호전됐는데 오미크론은 위험    일 거리두기 완화할까,Culture
106,발이 시린 뜻밖의 이유  ,Culture
107, 문화현장  독재정권에도 굴하지 않았던 러시아 미술가들,Culture
108, 원조 맥덕 을 수시로 출국하게 만든 맥주  대단하네,Culture
109,  만원짜리 꽃다발 안됩니다  죄송해요     꽃집 사장의 요즘 심정,Culture
110, 오후날씨 꿀팁  서해안 제주엔 눈 당분간 한파 이어져요,Culture
111, 날씨  매서워지는 추위 사나흘 계속  제주 산지     cm 눈,Culture
112,어묵값도 도미노 인상 CJ제일제당 동원F B 평균    대 인상,Culture
113,행복지수 낮고 우울 불안    디지털 이 그 대안,Culture
114,  억    만원  국내 딱  대만 파는 BMW 이 차 뭐길래,Culture
115,매서운 추위 밤에 한파특보 전국으로 확대,Culture
116, 우리 아기 태어났어요 사연 이은미 김경달 부부 셋째 딸 김지유,Culture
117, 민지리뷰   번역 앱  뭐 써   이것보면 답 나온다 구글번역 VS 파파고 비교,Culture
118, 자막뉴스   우리  깐부 부터 맺어야지    대학로 원로배우 오영수에게  깐부 란 ,Culture
119, 날씨  매서운 한파   종일 영하권 추위,Culture
120,인수공통감염병은 왜 자꾸 생기는 겁니까 ,Culture
121, 오후날씨 꿀팁  기온 뚝   주 후반까지 한파 ,Culture
122, 더오래  부부싸움  남 일이야  햇내기 부부의 오판,Culture
123,이재명 벽화  아이언명   NFT로 판매된다 점당   만원,Culture
124,아리랑TV CES서 세계 최초 한국어 영어  AI 앵커  시연,Culture
125,  설강화  방영 재고해달라    국내외 한국학 학자들  디즈니에 공개 서한,Culture
126,노후차량  내년   월부터 특 광역시 운행하면 과태료 문다,Culture
127,전국 덮친 한파 밤부터 한파특보 확대 강화,Culture
128, KTX 타고 서울 거제  시간대에 간다  남부내륙철도 기본계획 확정 고시,Culture
129, 한 장에     원   방탄소년단 마스크 고가 논란  이슈픽 ,Culture
130, 날씨톡톡   빙판길 꽈당주의  내일 더 추워,Culture
131,     남성 절반이 비만 만성질환 위험 적신호,Culture
132, 속보     일 거리두기 결정   방역 호전됐지만 오미크론 위험 커져 ,Culture
133,약물 내성 높은  뇌종양   약물 효과 높이는 방법 개발,Culture
134,마량포구 한상 가득  먹방감성 을 채우다,Culture
135, 김 서림 방지 제품  잘못 선택했다가  뚱뚱해진다 ,Culture
136,동장군 갈 생각 없네 서울 아침 영하   도,Culture
137,윈터 타이어 장착 이렇게 하면 끝,Culture
138,    이혜성   년간 외모강박 폭식 뒤  일 굶는 미친 짓도 ,Culture
139,오미크론 감염시 특이 피부증상 야간 식은땀도,Culture
140,궁예는 실패한 영웅이었을까  안성  포천에서 찾은 그의 흔적    운민과 함께 여행을 따라가며 읽는 역사 인물 이야기   경기도  서울 편  ,Culture
141,탐욕과 공포의 무한 반복  투기의 세계사 ,Culture
142,세계 최초로 유전자변형 돼지 심장  사람에게 이식 성공,Culture
143, 동양의 레닌 이 재간을 키운 곳,Culture
144,당뇨병 환자의 심근경색 사망률 혈당 높을 때    배 ,Culture
145, 수십번 봐도 재밌다  영화 덕후 기자가 가장 많이 본 영화는,Culture
146, 더오래 바닐라 향이 코끝에   년 만에 전성기 맞은 버번위스키,Culture
147,오류 많은  자가검사키트  꺼내든 정부  지난해와 상반된 입장  왜 ,Culture
148, 날씨  강원 중북부 산지 등 한파주의보 영하권 추위 이어져,Culture
149,끌 망치 붓으로 천국을 설파하다,Culture
150,코로나 면역력 위해 비타민D 어떻게 보충 ,Culture
151, 쿠킹  오븐 없이   분이면 만드는 이탈리아 디저트로 홈카페 완성,Culture
152,쌍용차 인수 고비 넘긴 에디슨모터스  자금력 논란은 지속,Culture
153, 수입차 역사상 전무후무  볼보    년 연속  두 자릿수  성장,Culture
154,남성 정액의 질 떨어뜨리는  의외의 원인 ,Culture
155,툭하면 막 는 서해대교   그 옆에 국내 최장  해저터널  추진,Culture
156,포도먹기 부터 북극곰 수영대회까지 색다른 전세계  새해 풍습 ,Culture
157, 디자인 맛집이네  현대차 기아 제네시스     굿디자인 어워드  싹쓸이,Culture
158, 날씨  부산 낮부터 추위시작 내일 아침 영하  도  강추위 ,Culture
159, 식도 다 잘라냈다  쟈니 리가 투병 중인  이 암  예방법은,Culture
160,정용진   NO 정용진  사진 올리며 정면돌파   미사일엔 멸공 대신  OO ,Culture
161,KTX 타고 서울 거제  시간대  년뒤 남부내륙철도 뚫린다,Culture
162,error,Culture
163,시큰한 손목  시간 지나면 괜찮겠지  했다간 큰일 난다  건강 톡 ,Culture
164, 날씨  광주 전남 서부 지역 내일 오전까지 눈 비 낮부터 기온 뚝,Culture
165, 디자인 참 잘했네  현대차 기아 제네시스  종     굿디자인 어워드  수상,Culture
166, 날씨  울산 오늘 매서운 한파 내일 최저 영하  도까지  뚝 ,Culture
167, 등산왕  베테랑의 겨울 등산복 노하우,Culture
168, 신안특집  신안  퍼플 매직  유엔을 사로잡다,Culture
169,   세 여성 한북정맥 겨울 종주     반가워요 여러분  예진이가 다시 왔어요 ,Culture
170,메뉴판에 없던  칼만두 가 추가된 이유  일상이 주는 행복한 생각을 담다 ,Culture
171, TF신간  중국 역사 재구성 대하역사소설  열국영웅전 ,Culture
172,코로나 신규 확진     명  사망   명  위중증    명,Culture
173, 전동화 본격 시동  볼보코리아  내달 전기차  C   XC   리차지  출시,Culture
174, 날씨  찬 바람  기온 뚝  호남 서해안    cm 눈,Culture
175,현대차 기아 제네시스  개 차종    굿디자인 어워드  수상,Culture
176,감기에 걸려도 코로나   면역 생길 수도 있다 ,Culture
177,미국도 반했다  현대차그룹  개 차종        굿디자인 어워드  수상,Culture
178,현대차 기아 제네시스  개 차종 미국       굿디자인 어워드  수상,Culture
179, 획기적 수술     유전자조작 돼지심장 첫 인체 이식,Culture
180,갑상샘이 건강해야 임신도 잘된다 ,Culture
181,녹유의  오늘의 운세      년  월   일 수요일 음력   월   일 기미 ,Culture
182,수입차   위  오른 볼보  순수전기차  리차지 로 전동화 시대 연다,Culture
183,시큰한 손목  시간 지나면 괜찮겠지  했다간 큰일 난다  건강 톡 ,Culture
184, 날씨  광주 전남 서부 지역 내일 오전까지 눈 비 낮부터 기온 뚝,Culture
185, 디자인 참 잘했네  현대차 기아 제네시스  종     굿디자인 어워드  수상,Culture
186, 내일날씨  서울 출근길 체감    도 강추위 전라 서해안 제주 눈,Culture
187, 운전대는 두고 커피 한잔해요  제네시스 벤츠 BMW  자율주행차,Culture
188,내 가족 수술할 의사가    필수의료  전공의 대책은 ,Culture
189, 르포       뛰었다 닷새만에 반값   수상한 꽃값 탓에 썰렁한 꽃시장,Culture
190,서울 체감온도      도 경기북부 영서 한파주의보,Culture
191,북쪽서 찬공기 내려와 전국에 매서운 한파 낮에도 곳곳 영하,Culture
192,오늘   일  수도권 출근길 영하   도  강추위  전국 곳곳 눈 비,Culture
193, 날씨  중부 내륙 한파주의보 호남 충청 강원 오전까지 눈,Culture
194,영업이익   억 에디슨모터스  쌍용차 인수 임박   테슬라와 경쟁할 것 ,Culture
195, 뺨에 물집 생긴  세 딸 엉터리 치료로 피부 썩어 괴사 ,Culture
196, 낮은 곳으로 더 내려가 실천하세요  종교국장 뉴스레터 ,Culture
197, 날씨  도로 결빙 주의 주 후반까지  강추위 ,Culture
198,우연  발견한 유전자 변이  알려야 할까 ,Culture
199,배우 오영수  골든글로브 남우조연상 수상 의미는 ,Culture
200,여성의 질 분비물 변화   잦은 세척이 ,Culture
201, 굿모닝 날씨  다시 추워져 호남 서해안 제주 눈,Culture
202,학자들도 나섰다  설강화  역사 왜곡 우려  디즈니에 공개 서한 제출,Culture
203, Y imazine  설국     일본을 가다,Culture
204, 팩트체크  연초 꽃값 폭등은 도매상 담합 때문 ,Culture
205, 돋보기  충무로 언니들 시대   영화계 변화는 이제 시작 ,Culture
206, 책 한 모금  한 지붕 세 암 환자  암환자가 뭐 어때서 ,Culture
207, 날씨  광주 전남 서부 지역 내일 오전까지 눈비 낮부터 기온 뚝,Culture
208,강원 설악산      도 경기북부 영서 한파주의보,Culture
209, 국보 원각사탑은   층  학자 주장    층설 에 오류 ,Culture
210, 날씨  서울 체감온도     도  한파 제주   호남 눈,Culture
211, 날씨  중북부 한파특보 서울 체감      도 공기질 깨끗,Culture
212, 날씨  내일 더 추워져  빙판길 조심,Culture
213, 날씨  제주 내일 오전까지 비 또는 눈 산지 최대   cm  ,Culture
214,가려움증   이 증상  동반하면 빈혈일 수도,Culture
215,백신 맞은 엄마 모유 수유 아기도 코로나 항체 생겼다,Culture
216,경기북부 영서 한파주의보 서울 체감온도      도,Culture
217, 날씨클릭  기온  뚝  중북부 한파특보 곳곳 빙판길 주의,Culture
218, 국보 원각사탑은   층  학자 주장    층설 에 오류 ,Culture
219, 날씨  또다시 매서운 한파   도로 곳곳 빙판길 주의,Culture
220,달지 않아도 우울할 땐 피해야 할 식품  ,Culture
221,에디슨모터스 쌍용차 M A 남은 산은  채권단 동의 운영자금 확보 ,Culture
222,학자들도 나섰다  설강화  역사 왜곡 우려  디즈니에 공개 서한 제출,Culture
223, 아름다운 삶 사시길   오겜  오영수 수상소감도 남달랐다,Culture
224,스트레스 해소엔 매운 음식  실제 효과는,Culture
225, OK 제보   부유물 둥둥       생수  검사하려면  L 필요하다니 ,Culture
226, 이것  부족한 암 생존자  사망 위험 높다,Culture
227, 차 접종 필요없다  화이자  월에 오미크론 전용 백신 출시한다,Culture
228, 도리도리 부터  PC방 간 아들 까지 SNL  매운 맛  정치풍자에 시청자 열광하는 까닭,Culture
229, 깐부 할아버지  오영수 한국 배우 최초 골든글로브 수상,Culture
230,출근길 서울    도 춘천    도  강추위  빙판길도 주의,Culture
231, 출근길 날씨  다시 한파 시작 내일 아침 더 추워져,Culture
232,뚝 떨어진 기온  낮에도 추워요 경기북부 강원내륙 한파특보,Culture
233, 헬스S  추위에 미세먼지까지  내 눈은 무슨 죄 ,Culture
234,캐나다에서 반려견  전입신고     이건 좀 부럽다,Culture
235, 날씨  밤사이 기온  뚝  서울 체감 영하   도,Culture
236,      신차  포르셰 파나메라 PHEV로 출시  제로백    초,Culture
237, 날씨  다시 강력한 한파 기승   곳곳 빙판길 주의,Culture
238, 오늘 날씨  서울 아침    도  강추위  곳곳에 강풍 풍랑 특보도,Culture
239, 우정아의 아트 스토리        폴 세잔과 아버지,Culture
240,럭셔리카 팍팍 뽑더니 롤스로이스 람보르기니  판매 신기록 ,Culture
241, 만년 적자  금호타이어   더블스타 시너지 있긴 할까,Culture
242, 날씨  밤사이 기온  뚝  서울 체감 영하   도,Culture
243, 왜 여자는 일흔에 붓 놓나 난 죽을 때까지 그릴 거요 ,Culture
244,    세대  공황장애에  취약   자주 메스껍고 구역질 나면 의심,Culture
245, 세계 속 우리 아닌  우리 속 세계   한국 캐릭터    대륙서 통했다,Culture
246, 보육원에 치킨 후원  주문에  통 큰 할인  사장님  아살세 ,Culture
247, 달라진 한국인 영양  뇌 연료  탄수화물   꼭 먹어야 하는 양은 ,Culture
248, 오늘 날씨  서울 아침  영하  도   빙판 출근길 주의보,Culture
249,구슬 민화투 친 오영수 윤여정의 두각     왜 한국 노배우인가,Culture
250, And 건강  가슴쓰림 신물 없는데  위식도 역류질환 ,Culture
251,골든글로브  철옹성  깐부 할아버지가 깼다,Culture
252, 가정예배      월   일  하 나 세 하나님의 말씀을 기억해야 행복합니다,Culture
253, 오늘의 설교  길   이 끝난 곳에서 길   이 시작됩니다,Culture
254, 역경의 열매  김의식     금고 손대려다 아버지께 들켜  커서 뭐가 되려고  ,Culture
255,메모리얼 테이블 손편지   비대면 장례  유족에 세심한 위로,Culture
256, 날씨  중부 눈 제주 산지 폭설 주 후반까지 강추위,Culture
257, 깐부 할아버지  오영수  골든글로브 남우조연상 수상,Culture
258,입꼬리 갈라지면 입 커질까   영양소 부족하다는 신호,Culture
259, 김민철의 꽃이야기  윤대녕의 아몬드  손원평의 아몬드,Culture
260,먼지 걷어낸 동장군 눈 그친 뒤 영하   도 강추위,Culture
261,우리가   세 노배우에 열광하는 이유 오영수의 영화같은 삶,Culture
262, 날씨  눈 온 뒤 매서운 한파   서울 체감 온도     도 ,Culture
263, 왜 여자는 일흔에 붓 놓나 난 죽을 때까지 그릴 거요 ,Culture
264,    세대  공황장애에  취약   자주 메스껍고 구역질 나면 의심,Culture
265, 세계 속 우리 아닌  우리 속 세계   한국 캐릭터    대륙서 통했다,Culture
266, 보육원에 치킨 후원  주문에  통 큰 할인  사장님  아살세 ,Culture
267, 달라진 한국인 영양  뇌 연료  탄수화물   꼭 먹어야 하는 양은 ,Culture
268, 오늘 날씨  서울 아침  영하  도   빙판 출근길 주의보,Culture
269,구슬 민화투 친 오영수 윤여정의 두각     왜 한국 노배우인가,Culture
270, And 건강  가슴쓰림 신물 없는데  위식도 역류질환 ,Culture
271,에디슨모터스  우여곡절 끝  쌍용차 M A  본계약 체결 인수 대금     억원,Culture
272, 오징어 게임  오영수    최초 골든글로브 연기상,Culture
273,옛 흔적 남겨야만  도시재생 일까  쓰임에 집중한 공간 창조 시도  콘크리트와 글로 빚은   세기 한국 건축     ,Culture
274, 깐부 할아버지  오영수  한국 배우 최초 골든글로브 수상,Culture
275,밤사이 수도권 최대    눈 내일 아침 빙판 주의,Culture
276, 날씨  전국 곳곳 밤사이 눈 체감 영하   도 한파 온다,Culture
277, 종합뉴스 날씨 내일 아침 강력 한파 찾아와 최악의 미세먼지 내일 오후 해소,Culture
278, 날씨  밤 사이 전국 눈 경기 북부 강원 내륙 한파 주의보,Culture
279, 민간 최초 감염병 전문 독립 병동  평상시에도 음압격리 운영 ,Culture
280, 대영제국에서 온 편지      절체절명의 순간  나라를 이끈 지도자  처칠 이전에 그가 있었다,Culture
281, 날씨  밤사이 곳곳 눈   내일 종일 영하권 강추위,Culture
282,생중계 없이 초라한 골든글로브   오영수 수상 빛났다 ,Culture
283,머릿속 시한폭탄  뇌동맥류    이런 증상  파열 위험,Culture
284, 생활날씨  밤사이 곳곳 눈  추워져 내일 영하   도 한파,Culture
285, 백신 맞고 모유수유한 엄마  아기는 항체 선물  부작용은요  이슈픽 ,Culture
286,전 국민의     가 암으로 고통   생활 습관 개선   정기 검진  중요,Culture
287, 뉴스  날씨  밤사이 중부 호남 중심 눈 미세먼지 걷 고 다시  한파 ,Culture
288, 날씨  밤사이 중서부  많은 눈  그친뒤 강추위,Culture
289, 군대 다녀오면 남의 키몸무게 막 공개해도 되나   정용진  멸공 논란에 일침,Culture
290, 날씨  부산 내일까지 미세먼지  나쁨  내일 낮부터  추위  시작,Culture
291,최악 미세먼지 밤새 해소   눈 뒤 한파  내일  미끄럼 비상 ,Culture
292, 날씨  제주 오늘 밤부터 눈 비 내일 출근길 도로 결빙 주의,Culture
293,폴스타 고급 수입 전기차 시장 판도 흔들까,Culture
294,에디슨모터스  쌍용차 최종 인수,Culture
295, 날씨  전북 오늘 밤부터    cm 눈 다시 강추위,Culture
296, 날씨  대구 경북 내일 매서운 추위 대구 낮 최고  도,Culture
297, 퇴근길 날씨  새벽까지 중부 호남 중심 눈 내일 기온  뚝 ,Culture
298, 날씨  충북 저녁부터 눈 내일 기온   공기질 점차 회복,Culture
299,김주하 앵커가 전하는  월   일 종합뉴스 주요뉴스,Culture
300,왜 우리는 자기 자신을 속일까   연구 ,Culture
301, 세계서 가장 높은 스타벅스 매장 한국에 있다   뷰 맛집  입소문 나,Culture
302,error,Culture
303, 날씨  퇴근길 수도권 눈 시작 내일 아침 기온  뚝 ,Culture
304, 깐부 할아버지  오영수 한국 배우 최초 골든글로브 수상,Culture
305, 건강 칼럼  수술이 필요한 담낭 질환,Culture
306, 멸공  논란에  NO 정용진  등장  스타벅스 가지 않겠다 ,Culture
307,윤정희 형제자매  백건우에 무고죄 명예훼손 등 맞고소 ,Culture
308,백신 맞은 엄마의 모유 먹으면   아기도 항체 생긴다,Culture
309, 날씨  밤사이 곳곳 눈비   내일 종일 영하권 강추위,Culture
310,다양한 비타민 형태  어떻게 섭취할까 ,Culture
311,연골뿐 아니라 인대  줄 근육의 경락 찾아 치료해 줘야,Culture
312,처진 가슴  형태와 원인 진단 후  맞춤형 수술  필요,Culture
313,내일 다시 강추위 아침 최저     도   밤부터 눈,Culture
314,강영권 에디슨모터스 회장  쌍용차 경영정상화 최선 구조조정 계획 없다 ,Culture
315,가슴이 타는 듯한데   겨울철 불청객  협심증 ,Culture
316, 단독  윤정희 동생 측    억 횡령  백건우 악의적 고소에 법적대응 ,Culture
317,  억 넘는  롤스로이스  작년 세계서     대 판매,Culture
318,퇴근길 수도권 최대    눈 교통 혼잡 우려,Culture
319, 발생  위  위암  조기 발견하면  년 생존율        이상,Culture
320,쌍용차 매각   부 능선  넘었지만  회생계획 통과  마지막 변수 남아 종합  ,Culture
321,수도권 최대    눈 퇴근길 교통 혼잡 우려,Culture
322,error,Culture
323, 포켓이슈   지구 충돌 위협  소행성이  천여개 ,Culture
324, 노바백스 백신 설연휴   허가   백신 치료제 국산화도 필수 ,Culture
325,자동차   전기차 올해도 대세  대중화 시험대 오를 것 ,Culture
326, 날씨  퇴근길 수도권 눈 중부 곳곳 다시 한파 특보,Culture
327,월급  억 넘는 직장인  건보료   만원 더 낸다,Culture
328, 날씨   제주   cm  밤사이 눈 강원 한파주의보,Culture
329,아파트 밀집촌 노원    들이 보니 달랐다,Culture
330,쌍용차 에디슨모터스  본계약 체결 채권단 동의 남았다,Culture
331,국민일보 노조  가세연 규탄   유튜브에도  행동 나서라  요구,Culture
332,팔순 앞둔 깐부 할배  내 자신에게 처음  괜찮은 놈 이라 말해 ,Culture
333,   대 도 대장암 방심하면 안 되는 이유,Culture
334,전문가들  코로나 검사방식 전환보다 PCR 역량 늘려야 ,Culture
335,에디슨모터스 쌍용차  인수합병 본계약 체결 종합 ,Culture
336,한국인     감염된  이것   위암 원인 중 하나,Culture
337,쌍용차  에디슨모터스 품으로 본계약 체결,Culture
338,NCCK    배은심 여사 별세 애도  영원한 안식 빈다 ,Culture
339,스포츠선교 개척 윤덕신 목사 별세  메달 못 딴 선수 외면 애처로워해 ,Culture
340,생중계 없이 초라한 골든글로브   오영수 수상 빛났다 ,Culture
341,백인 장벽 뚫은 깐부 할아버지  처음 내 자신에  괜찮은 놈 칭찬 ,Culture
342,error,Culture
343, 코로나   수도권 위험도  중간   오미크론 변이  월말 우세종될 듯 ,Culture
344, 비타민D 부족하면 심장병 위험 높다 ,Culture
345, 대체육  고기라고 부르지 마  축산업계  비건식품 인기에 발끈,Culture
346,그릇 하나로 음식 나눠 먹으면  이것 까지 공유,Culture
347,개그우먼 심진화  급기야 병원행 무리한 다이어트 했다간  건강 톡 ,Culture
348,  차 접종자  미접종자보다 감염 위험       낮아 ,Culture
349, 날씨  퇴근길 무렵 수도권을 시작으로 내일 새벽 전국 곳곳에 눈,Culture
350, 깐부 할아버지  오영수 골든글로브 남우조연상,Culture
351,뿌리면 염증과 싸우는 향신료들  식탐 ,Culture
352, 날씨  퇴근길 서울 눈 시작 찬바람 불어와 내일 먼지 해소,Culture
353, 내일 날씨  전국적  강추위   제주도 눈 최대     이상,Culture
354,  매체  큰절 안한 걸그룹 멤버 두둔 서경덕  자격 있나  일침,Culture
355, 기생충  못다 이룬 꿈  오징어게임 이 골든글로브 첫 연기상,Culture
356,법원  에디슨 쌍용차 M A 본계약 체결 허가   월 일까지 회생계획안 제출,Culture
357,호주  코로나 확진자  주일에   만 명 늘어       만 돌파,Culture
358,감탄이 나오는 붉은 노을    서울 살면 여기 꼭 와보세요  단칼에 끝내는 서울 산책기 ,Culture
359,  만원    만원   만원  천당에서 추락한  황후의 주식 ,Culture
360, 뉴스큐   오징어게임  오영수  골든글로브 남우조연상 수상,Culture
361,불매운동 끝  일본차  노재팬  딛고 판매량 씽씽,Culture
362,통계로 본 대한민국 불평등  건강하고 행복한 나라로 ,Culture
363,   년 경력  베테랑 원로배우 오영수  미국 골든글로브 흔들다 종합 ,Culture
364,스타벅스   일부터 가격 오르자 고객들  이것  사기 시작했다,Culture
365, 버블티  한 잔 칼로리  밥 한 공기 수준 ,Culture
366,윤여정 이어 오영수까지  전 세계가 주목하는  한국의 노배우들 ,Culture
367,정용진의  멸공  논란에 신세계  화장품사업  우려 ,Culture
368,현대차그룹  올해 미국 시장에 전기차  종 출시,Culture
369,법원  에디슨모터스 쌍용차 인수 본계약 체결 허가  상보 ,Culture
370, 제주도 한달살이하며 근무 가능  일하는 방식 싹 바꾸는  이곳  어디 ,Culture
371,   동 괜찮은 피부과 알려주세요  당근마켓  동네생활   위 게시글은 ,Culture
372, PD수첩  영끌 대출 갭투자 경매 코인까지 내 집 마련 위한 청춘들의 분투,Culture
373, 사회 약자 위한 것도 아니고   전국승려대회  잇단 내부 비판,Culture
374, 배우 최초로 골든글로브 거머쥔  깐부 할아버지 ,Culture
375,법원  쌍용차 에디슨모터스 투자계약 체결 허가 곧 본계약,Culture
376,오늘 퇴근길 서울 등 수도권에 눈 최대    쌓일듯,Culture
377,정용진  멸공    불매 주가하락 기업리스크로,Culture
378,영하   도 찬 공기 내려와 퇴근길 눈발 날리고  내일부턴 다시 한파,Culture
379, 쌀 때 사두자  인기상품 된 스타벅스 기프티콘   일 가격인상 전 사재기 조짐,Culture
380,제주 김포 노선으로 일년새 지구 한바퀴 반  대체 몇번 탔길래,Culture
381,코로나 이후  친인척과 멀어져  명절 이혼 줄었다,Culture
382,미 접종자  오늘부터 마트 출입도 제한  해외는 ,Culture
383, 날씨  전국 초미세먼지 주의보 퇴근길 무렵부터는 눈,Culture
384,현대차 보스턴다이내믹스  로보틱스 신사업으로 열정적으로 협업 중 ,Culture
385,  중고차 딜러  완성차 업체  중고차 시장 진출해야 경쟁력 확보 ,Culture
386,숨어도 찾는다 공기 속 DNA 검출해 무슨 동물 사는지 안다,Culture
387, 신간  춘추전국시대 전후    년 중국  담았다 대하소설  열국영웅전  출간,Culture
388,CJ대한통운 파업  주째 설날 택배대란 우려,Culture
389, 이슈현장   오징어게임  오영수  골든글로브 남우조연상 한국배우 최초,Culture
390,윤여정 외면한 골든글로브   년 고집   깐부  오영수가 꺾었다,Culture
391, 뿔난 주주  달래기 나선 셀트리온그룹      억 규모 자사주 매입 결정  주가 소폭 반등,Culture
392,김희중 대주교  배은심 여사  하늘에서 우리 위해 기도할 것 ,Culture
393, 날씨  초미세먼지 밤사이 해소   내일 영하     강력 한파,Culture
394, 예천양조 불송치 납득 안 돼  vs  영탁 모친    억 요구 사실 ,Culture
395,드디어 일낸  깐부     이제  세계속의 우리  아닌  우리속의 세계  ,Culture
396, 오후날씨 꿀팁  퇴근길 무렵 눈 시작  내일은 한파,Culture
397, D 방송 뷰      년  이것 으로 경쟁한다  킬러  콘텐츠 강화 나선 방송사들,Culture
398,KB캐피탈   월 쉐보레 콤보할부 프로그램 시행,Culture
399, 신간  방대한 중국 역사 이해하기 쉽게 재구성  열국영웅전 ,Culture
400, 한국도 이달 말 오미크론 우세종     일간      명 늘어,Culture
401,대선판에도 등장한  탈모  초간단 자가진단법은 ,Culture
402,지구가 멸망한대도 대선이 더 중요한 사람들,Culture
403,산업화 이전엔 잠을 두 번에 나눠 잤다 ,Culture
404,저녁부터 곳곳 눈오며  빙판길  예상    출퇴근길 교통안전 유의,Culture
405,지난해 가장 많이 검색한 차  도요타   기아  위 현대  위,Culture
406, 오징어 게임  골든글로브 작품상 불발   오영수 남우조연상,Culture
407,이틀째  비상저감조치    천리안 위성으로 본 한반도,Culture
408,정만기 회장  완성차의 중고차 진출은 세계적 흐름  도 서둘러야 ,Culture
409, 존버  강요하는 사회 과로죽음은 어떻게 은폐되는가,Culture
410, 날씨  전국 공기질 비상 밤부터 눈 내리고 강추위,Culture
411,제주도  오늘 밤부터   일까지  폭설  쏟아져  안전사고 주의,Culture
412, 스벅만 안 마셔도  연일  멸공  주장한 정용진 불매 움직임마저,Culture
413,오영수 골든글로브 남우조연상 팔순 앞두고 꽃 핀 연기인생,Culture
414,제주 강추위에   일까지 많은 눈 산지 최대     이상,Culture
415, 깐부 할아버지  오영수 골든글로브 남우조연상 종합 ,Culture
416,임인년  받을 수 있는 치과 치료 보험혜택은 ,Culture
417, 큰절 거부  에버글로우 이런  돌연 중국행,Culture
418,오영수   최초 골든글로브 연기상 수상 이정재는 불발  종합 ,Culture
419,공기질 오전보다 더 악화 전국 대부분  매우나쁨 ,Culture
420, 노정희의 추억의 요리산책  사랑을 속삭이는 음식  굴,Culture
421,황제주 LG생활건강  흔들      보따리상 의존  부메랑 됐다,Culture
422,지구가 멸망한대도 대선이 더 중요한 사람들,Culture
423,error,Culture
424,이러다가 다 잊 고 만다   다시 봐야 할 한국 추상화가  인,Culture
425, 날씨  서쪽 먼지 비상저감조치 밤부터 전국 곳곳 눈,Culture
426, 깐부  오영수  한국 최초 골든글로브 수상 새 역사 쓴  오징어 게임 ,Culture
427,골든글로브 남우조연상 오영수   세계 속 우리  아니라  우리 속 세계  ,Culture
428,오영수  골든글로브 남우주연상 수상   한국 최초,Culture
429, 날씨  전국 대부분 초미세먼지 주의보 서울 퇴근길  눈 ,Culture
430,쌍용차    일 준중형 전기SUV  코란도 이모션  사전계약,Culture
431,오징어게임  은  깐부의    오영수 남우조연상,Culture
432, 한국 최초 골든글로브  오영수   세계 속 우리  아닌  우리 속 세계  ,Culture
433,오영수  처음으로  괜찮은 놈 이라고   한국 최초 골든글로브  종합 ,Culture
434,대선 공약까지 나왔다 탈세 온상  무늬만 법인  억대 수입차,Culture
435,기생충에서  오겜  오영수까지 K 영화 전 세계 홀렸다,Culture
436, 날씨  사흘째 미세먼지 비상 저녁부터 곳곳 눈  기온 뚝 ,Culture
437, 오후날씨 꿀팁  오늘까지 고농도 미세먼지 계속 퇴근길 무렵 눈 시작,Culture
438,코로나보다 무서운 미생물막 감염이란 ,Culture
439, 번 오영수  한국배우  번으로 골든 글로브 남우조연상 수상,Culture
440, 오징어게임  오영수  한국 최초 골든글로브 남우조연상 수상,Culture
441,오영수  한국 배우 최초 골든글로브 이정재 작품상 수상 불발  종합 ,Culture
442, 백신 맞기 싫다  접종 의무화에 대놓고 반대한 중환자실 의사,Culture
443,중고차   번 검색하면   번 인증    일부터 한번에 OK,Culture
444,골든글로브 남우조연상 오영수  생애 처음 내게  괜찮은 놈이야  ,Culture
445,독립운동가 허위 선생 장손녀 유해 구미에 안장,Culture
446, 단독 현대차 기아  내년 비건레더 신차 나온다 방글라데시 공장 신설도,Culture
447, 우린 깐부잖아  오겜 오영수    최초 골든글로브 남우조연상,Culture
448,방역당국  오미크론 변이 우세종화 설연휴가 분수령  이번주 대응체계 발표,Culture
449,장내 미생물  먹는 코로나   백신  희망될까,Culture
450, 영탁      억 요구는 사실  명백한 갑질  예천양조  불송치 결정,Culture
451,     년 훼철된 광화문 월대 난간석  동구릉에 있다 ,Culture
452,정용진의  멸공 에 신세계    급락  오너리스크  현실로 ,Culture
453, D 이슈  에버글로우 왕이런도 모국행 중국계 아이돌  잇따른 이탈 문제없나,Culture
454,유튜브 광고 보기 싫어      원 냈는데 유튜버 꼼수에 불만 폭발,Culture
455, 우린 깐부잖아   오징어게임  오영수  골든글로브 남우조연상 수상,Culture
456, 날씨톡톡   숨 살살 쉬는 중  서쪽 먼지 비상저감조치,Culture
457,임신 중 높아진 콜레스테롤 어떻게 관리할까 ,Culture
458,코로나 위중증 환자    명 신규 확진     명  해외유입    명으로 규모 커져,Culture
459, 날씨  사흘째 고농도 미세먼지 밤사이 눈오고 사라져,Culture
460,겨울철에 부고     많다는 속설  사실이었다  강재헌의 생생건강 ,Culture
461,발로 밟아 편  건조 오징어      kg 회수 조치,Culture
462, 백신 맞기 싫다  접종 의무화에 대놓고 반대한 중환자실 의사,Culture
463,error,Culture
464, 속보   오징어게임  이정재  골든글로브 남우주연상 불발,Culture
465, 인수 마무리 성큼  쌍용차 에디슨모터스    일 본계약 체결 유력,Culture
466, 속보   오겜  오영수    골든글로브 남우조연상 수상   한국 배우 최초,Culture
467, D 인터뷰   고요의 바다  공유   등 하려고 드라마 만드나  ,Culture
468, 오징어 게임  오영수  국내 최초 골든글로브 남우조연상 이정재 수상 좌절,Culture
469, 속보   오징어 게임  오영수  골든글로브 TV 부문 남우조연상,Culture
470,한국기독교교회협   고난받는 이들의 어머니 배은심 여사 안식하소서  애도,Culture
471, 깐부 할아버지    골든글로브 탔다  오영수  남우조연상 수상,Culture
472,전기차 경쟁 가세한 MINI  고급 소형 유일 전동화 모델 공개,Culture
473, 쌍용차 이 차에 목숨 걸었다      만원대  파격  전기차 출시,Culture
474,당근  해를 넘겨 겨우 수확하고 보니,Culture
475,웹툰  빈껍데기 공작부인  NFT로 카카오  새로운 확장성 도전 ,Culture
476,   만 유튜버 승우아빠  강남에 식당 오픈 가장 비싼 메뉴는 ,Culture
477,쌍용차 매각   부 능선   채권단 회생계획 동의할까,Culture
478, 더오래 가로등이 하나둘씩 오후  시에 하는 산책 맛,Culture
479, 무돌길  완주해야 졸업하는 학교  올해 당장 시작합니다,Culture
480,KT  이번엔  TV 먹통    만명 피해  장비 전원 탓 ,Culture
481,롯데렌탈  전기차 장기렌터카 누적계약  만    대 돌파,Culture
482,error,Culture
483, 이 음식  섭취  실명질환 예방에 도움,Culture
484,  개월 꽉 채워 맞아야지    N차접종 우려에  차 백신 최대한 늦게,Culture
485,쌍용차 에디슨모터스  투자 계약 체결 합의,Culture
486,세종 충남 미세먼지 비상저감조치 저녁부터 눈이나 비,Culture
487, 날씨  부산 미세먼지  나쁨  내륙 짙은 안개 큰 추위 없어,Culture
488, 날씨  강원 산지 오늘 저녁    cm 눈 내일 다시 추워져,Culture
489, 날씨  초미세먼지 기승 밤에 눈 내린 뒤 기온  뚝 ,Culture
490, 날씨  경남 탁한공기 계속 내일 찬바람 불며 추워져,Culture
491,쌍용차    일부터 첫 전기차  코란도 이모션  사전계약,Culture
492, 숲과 사찰  술을 한 방울도 못 해서 왕이 되지 못한 효령대군,Culture
493, 숲과 사찰   참된 나 찾는 연주암     세대  길  찾아 주고 싶어 ,Culture
494, 숲과 사찰  연주대 없다면 관악산이 얼마나 허전할까,Culture
495,중국발 미세먼지에 전국 대기질 악화  찬바람 불며 내일 오후 해소 ,Culture
496,기록하는 습관을 기르고 싶어요   SynchroniCITY ,Culture
497, 가자 북으로  오라 남으로   외쳤다고   년형 이어 억울한 죽음,Culture
498,녹유의  오늘의 운세      년  월   일 화요일 음력   월  일 무오 ,Culture
499,    만원대로 전기 SUV 탄다 쌍용차  코란도 이모션  사전계약,Culture
500,쌍용차 첫 전기 SUV  코란도 이모션      만원대 책정,Culture
501,한글 호환 못하고  똠 펲 찦 자는 출력안돼  유니코드 이후 비로소 해결,Culture
502, CBS 논평       대선을 위한 다니엘의 가르침   강경민 목사,Culture
503, 날씨  전국 공기질  나쁨 매우나쁨  내일 다시 강추위,Culture
504, 오미크론 우세종화 우려   설 연휴가 분수령 ,Culture
505,쌍용차 첫 전기차  코란도 이모션     일부터 사전계약,Culture
506,중대본   오미크론 우세종화  설 연휴가 분수령 대책 발표 ,Culture
507,쌍용차  전기 SUV   코란도 이모션  사전계약 보조금 받으면     만원대,Culture
508,코로나 신규 확진     명  사망   명  위중증    명,Culture
509, 날씨  오늘도 미세먼지 기승 밤부터 눈  기온  뚝 ,Culture
510,대웅제약  당뇨병 치료물질 두가지 결합 복합제 개발,Culture
511,대웅제약  복약편의 높인 당뇨병 치료 복합제 신속 개발  임상  상 계획 승인,Culture
512, 올해도 전기차가 대세  친환경성 경제성 재평가 이뤄질 듯 ,Culture
513,에디슨모터스 쌍용차  인수 본계약 체결,Culture
514,신규 확진      명대 초반   위중증   일 만에    명대로 줄어,Culture
515, 이 병  이후의 삶   가족도 꼭 알아야 할 증상  ,Culture
516, 코로나    신규확진     명 위중증    명    일 만에    명대로 내려와,Culture
517,표창장 위조한 딸vs 도박하는 아들   SNL코리아  우상호 나경원의 선택,Culture
518,GM 차에 퀄컴 기술 입 다  차세대 운전자 보조기술  울트라 크루즈  지원,Culture
519, 굿모닝 날씨  오늘 전국 초미세먼지  나쁨   매우 나쁨 ,Culture
520,오늘 골든글로브 시상식  오징어 게임  트로피 거머쥐나,Culture
521, 날씨  광주 전남 내일 오전까지 공기 탁해 밤부터 곳곳 눈비,Culture
522,error,Culture
523, CES      천재승 현대모비스 상무  연구개발 최우선 순위  소프트웨어  ,Culture
524, 내일날씨  서울 아침   도 강추위 미세먼지 점차 해소,Culture
525,응급실서  가슴 쿵쿵  취객 몰린    가슴에  시한폭탄  있었다  더오래 ,Culture
526,전국 대기질  나쁨  저녁 수도권 강원영서 등에 눈,Culture
527, 희뿌연 월요일  오늘도 초미세먼지  매우 나쁨  내일부터 해소,Culture
528,중국발 먼지 유입에 대기정체까지 전국 공기질 비상,Culture
529, 날씨  출근길 초미세먼지 비상 밤부터 서쪽 눈,Culture
530,모과  생강 먹으면 생기는 몸의 변화,Culture
531,중부 전북 경북 초미세먼지주의보 먼지 평소  배,Culture
532, 밀당     코로나  년간 당뇨병     증가   앉아 있는 시간 확 줄이세요  ,Culture
533,롯데렌터카  업계 최초 전기차 장기렌터카 누적    만대 돌파,Culture
534, 주역으로 본 세상       달콤한 방역 이라야 코로나 이긴다 ,Culture
535,허약한 국내 클래식 기반 그나마  팬텀싱어 가 체면치레,Culture
536,관중 중계 배우   골든글로브   오징어게임 으로 달라진 모습 보여줄까,Culture
537, 책 한 모금  시간을 늦추는 식사법  노화과 잘못 됐습니다 ,Culture
538,겨울 시금치의 건강 효과  ,Culture
539, 날씨  수도권 이틀 연속 비상저감조치 밤부터 서쪽 눈,Culture
540,중고차  호갱  막는다  자동차     로  리콜 이력 시세  확인,Culture
541, 날씨  낮 동안 초미세먼지 기승   퇴근길부터 전국 비 눈,Culture
542,error,Culture
543, 날씨  광주 전남 내일 오전까지 공기 탁해 밤부터 곳곳 눈비,Culture
544, 날씨  올 겨울 최악의 스모그 오늘 밤 눈 온 뒤  기온 뚝 ,Culture
545, 골프 절대 쉬운 운동 아냐  부상 대비를 ,Culture
546, 날씨  전국 초미세먼지  나쁨  내일부터 강한 추위,Culture
547,사흘째 공기질 비상 중부 전북 경북 초미세먼지주의보,Culture
548, 날씨클릭  연일 고농도 먼지 말썽 서쪽 비상저감조치,Culture
549, 홍종선의 명대사      명언 메이커  박석과 커피 한잔할까요 ,Culture
550,오늘의 날씨  밤부터 전국 대부분 눈 중부 미세먼지  매우나쁨 ,Culture
551, 이성주의 건강편지 쿨한 로드 스튜어트와 친구들,Culture
552, 날씨  오늘도 미세먼지 공습 서쪽 곳곳 비상저감조치,Culture
553, 면역 UP 염증 DOWN  건강하려면  음식의 뺄셈  실천하세요 ,Culture
554,피부암 예방에 좋은 습관  ,Culture
555,오늘 골든글로브 시상식  개 부문 후보  오징어 게임  새역사 쓸까,Culture
556,거북목 라운드숄더   이 곳  약해져 생긴다,Culture
557,  CDC  코로나   감염 소아청소년 당뇨 위험 최대     배 ,Culture
558,전국 구름많고 곳곳  눈    미세먼지  나쁨 ,Culture
559, 오미크론의 고마운 숙주  흡연자에서 벗어나려면,Culture
560, 뉴스체크 문화  강동원  배은심 여사 빈소 조문,Culture
561,당뇨병은 혈당만 조절하면 오케이    혈  관리 못하면 중풍 심장마비 위험,Culture
562,조선의 화약은 왜  똥천지  길가의 흙에서 뽑아냈을까  이기환의 Hi story ,Culture
563,      신차  거대한 차가 온다  한국GM SUV  타호  픽업  시에라 ,Culture
564,가솔린보다 많았는데 친환경차에도 쫓겨  점점 빨라지는  탈디젤 ,Culture
565, 오늘은  영국 런던  지하철  세계 최초로 개통되다,Culture
566,스타틴 복용자  코로나 치료제 못 먹는다 ,Culture
567,올해 글로벌  산업 트렌드는  가치사슬 변화 시험대 오르는 전기차,Culture
568, 원가압박 거세지는 전기차   저가 모델로 글로벌 약진할 것 ,Culture
569,  년 만에 돌아온 해치백의 교과서  폭스바겐  세대 골프 타보니,Culture
570, 연구원  올해  로컬브랜드 세계 시장 약진에 주목해야 ,Culture
571, 오늘 날씨  오늘도 뿌연 하늘 수도권 이틀째 비상저감조치,Culture
572, 날씨  전국 대기 질 비상 수도권 충청 전북 비상저감조치,Culture
573, 코로나TMI  오늘부터 백화점 대형마트도 방역패스   바뀌는 기준은,Culture
574,이소연 이전에도  여성   명이 우주에 갔다,Culture
575, 날씨  제주도 산지에   cm 폭설  전국 미세먼지  나쁨 ,Culture
576, 미접종자  마트 근무는 되고 쇼핑은 금지    논란에도 오늘부터 시행,Culture
577, 날씨  고농도 미세먼지  비상    내일     도  강추위,Culture
578,평소  배 치솟은 잿빛 초미세먼지 오늘도 곳곳 나쁨,Culture
579,밤에 TV 켜고 자면   이 병  위험 증가,Culture
580, 아침 에 먹어야 건강 효과 좋은 식품  ,Culture
581, 출근길 날씨  고농도 미세먼지 주의 퇴근길 서쪽부터 눈,Culture
582,error,Culture
583, 박종순 목사의 신앙상담  설날 세배해도 되나요,Culture
584, 가정예배      월   일  하 나 세   하나님이 주신 가정은 참으로 소중합니다,Culture
585, 선교 성과에만 연연  선교사 번아웃 키운다 ,Culture
586, 역경의 열매  김의식      의식인 다리 밑에서 주워왔다  어머니의 폭탄선언,Culture
587, 원격 임종  후 떠난 아버지  아들 작품에서 영면하다,Culture
588, 사도광산 강제징용   정부와 보이지 않는 전쟁 시작 ,Culture
589, 밀레니얼 톡  어떤 이름으로 불리든 향기는 변함이 없다,Culture
590,바프 최애식단  통풍 원인  단백질 열풍의 허실,Culture
591,   패러다임 변화  인공지능 대중화 본격화될 것 ,Culture
592,존리     억 없다고  투자했으면 몇천억  김병현 뼈 때린 말,Culture
593, 꿍미니와 취업뽀개기  탈모약  건강보험 적용될까,Culture
594, 건강한 가족  다이어트 실패하고 불면 분노로  든가요   건강 일기  쓰면 확 좋아져요,Culture
595, 건강한 가족  치매 막고 면역력 높이는 튼튼 혈관 만들려면  불포화지방산 섭취 늘려야,Culture
596, 의사 낭만닥터  현실은 탈모에 빚 걱정  배 나온 아재 ,Culture
597, 날씨  내일도 짙은 미세먼지   모레부터 다시 한파,Culture
598,불 껐더니 눈 머리 아픈데   녹내장 이라고 ,Culture
599,날개 돋친 듯 팔리는 K팝 음반    반기 든 팬들,Culture
600, 더사주 오늘의 띠별 운세   월   일 월요일 음력   월  일  ,Culture
601, 카 라이프  매끈한 외관에 영롱한 컬러 웅장한 차체 배기음은 그대로,Culture
602, 부활의 주를 만난 사람들  무너진 삶에서 벗어나려 돈의 노예로 살다 주님 말씀에 순종하자 가정 회복되기 시작,Culture
603,error,Culture
604,키프로스에서 코로나   델타 오미크론 섞인  델타크론  변이 발견,Culture
605,       인연 강동원   이한열 모친  배은심 여사 조문,Culture
606, 날씨  월요일에도 탁한 공기 계속 화요일 다시 강추위,Culture
607,밖에서만 잘하는 남편    왜 이럴까요 ,Culture
608,쓰레기를 줄이는 가게  밀양에선 이곳이 처음입니다,Culture
609,세단부터 SUV 고성능차까지  가속 페달 밟는 전기차 시장,Culture
610,제네시스  출범  년 만에 첫 연간 판매   만대 돌파,Culture
611,한 번 충전에      주행 거뜬   원 페달 드라이빙  인상적,Culture
612, 날씨  올겨울 최악의 스모그 내일 밤 눈 온 뒤  기온 뚝 ,Culture
613, 임성용의 보약밥상  간 재생을 도와 애주가에게 좋은  문어 ,Culture
614, 남매 호랑이 중 막내  세상 떠났다 음식 먹다 질식사,Culture
615, 퇴사해야 한다   몸이 알려주는 신호,Culture
616,SUV 절대강자 소문난 이유 있었네  후석 대화모드  눌러보니,Culture
617,   만 유튜버  승우아빠   강남에 식당 차린다 메뉴 가격은 ,Culture
618, 날씨  내일도 초미세먼지 비상   수도권 충남 비상저감조치,Culture
619, 뉴스  날씨  내일도 미세먼지 농도 높아요  짙은 안개 주의,Culture
620,카니발보다 길고 높다  그랜드  붙일 만하네,Culture
621, 지끈  두통 심하다면  이 음식 드세요,Culture
622,날렵한 외모  차분하고 안락한 주행 역동적 DNA 담은  정통 세단 ,Culture
623,    년대 일본이 남산에 한 짓은 끔찍하다  서울 근대건축 톺아보기 ,Culture
624, 애들 영양제 뭐 먹여   여기에 공개해도 될까요,Culture
625,신세계 출신 롯데백화점 사장님 맨 먼저  이것 부터  배 늘렸다,Culture
626, 내일날씨  월요일 아침 출근길 영하  도 내외,Culture
627,국내 최대 인공빙벽장서   대 추락사,Culture
628,소변 줄기 약해졌다면  소변으로 보는  남성  건강,Culture
629,일교차 커지면 고혈압 환자   고혈압성 뇌출혈  위험,Culture
630,김종국      만원 상당 이불 패딩 기부  훈훈 ,Culture
631, 내일 날씨  전국 미세먼지  나쁨  저녁부터  눈  종합 ,Culture
632,에버랜드 호랑이  남매 막내 강산이 숨져 음식물 기도 막아,Culture
633,달아도 괜찮아    혈당 걱정 낮은 의외의 음식들,Culture
634, 헬스 프리즘  여러분  오래 살  각오 하세요,Culture
635,본계약 하루 앞둔 쌍용차 인수 세부사항 놓고  줄다리기 ,Culture
636,    년  아름다운 강산  첫 발표한 원조 가수 박광수 별세,Culture
637, 나를 더러운 불륜녀라며 내 자식 학교 앞에 사진을 공개했습니다 ,Culture
638, 막판 조율 관건  쌍용차 에디슨모터스    일 인수 본계약  촉각 ,Culture
639,에디슨모터스 쌍용차  계속되는 엇박자 내일 본계약 체결 가능할까,Culture
640, 민주화 경제 문화 자신감에 우리 사상  동학  뜨고 있죠 ,Culture
641, 백신 접종 당연하다던 아버지  화이자 맞고 백혈병으로 사망 기막혀 ,Culture
642,날렵한 외모  차분하고 안락한 주행 역동적 DNA 담은  정통 세단 ,Culture
643,error,Culture
644,이런 게 있었네    보다  들다는  금연  획기적 성공의 열쇠 건강한 가족 ,Culture
645,국산 트럭 자존심  타타대우   중대형 트럭  종  세대 교체 ,Culture
646, 이런 사람 에겐 현미밥보다 쌀밥이 더 좋아,Culture
647, 날씨  올해 첫 미세먼지 비상저감조치   화요일부터 먼지 해소,Culture
648, 날씨  희뿌연 잿빛 하늘 수도권 충청 대기질 매우나쁨,Culture
649, CES      호세 무뇨스 사장  현대차    혼다 넘었다  친환경차로  초격차 ,Culture
650, 오미크론  코로나  가 인류와 공존 위한 풍토병 첫 신호탄 가능성 ,Culture
651, 새해     만원어치 기부  김종국이 직접 영상 찍어 올린 까닭,Culture
652,스타벅스  최대    원  비싸지는데 선물 받은 기프티콘은 어쩌나,Culture
653, 백신 맞고 생리불순  사실이었다 주기 변동 생리통 첫 확인,Culture
654,함소원도 갱년기   피자 먹고 우니까 남편이    건강 톡 ,Culture
655,남편  시댁  친정 말고    그 임신  당신도 원하나요 ,Culture
656, 자막뉴스  역대 최고 기록한 K팝 음반에 팬들이 반기 든 이유,Culture
657,시상식 권위는 떨어졌지만    오징어게임   드라마 최초 수상 여부는 ,Culture
658, 날씨  고농도 초미세먼지 유입 전국 공기질 나쁨,Culture
659, 날씨  수도권 충남 비상저감조치   화요일부터 점차 먼지 해소,Culture
660, 날씨  연일 잿빛 하늘  내일도 공기 탁해 모레 해소,Culture
661,   대 대머리 의사  터졌다 의사 때려친 작가의 도발,Culture
662,강릉 방파제서  m 심해어 산갈치 포획 지진 전조증상 ,Culture
663,error,Culture
664,용진이형도 반한  만원짜리 햄버거  롯데서 고든램지 버거 먹고 옴 ,Culture
665,남자아이  엄마랑 같이 여탕 만  세부터 못 간다,Culture
666,몸을 따뜻하게 하는 제철 음식  ,Culture
667, 사실상 셀프 서비스인데  특급호텔 뷔페  인 가족이 가면   만원 ,Culture
668,수도권 충남 먼지 평소    배 올해 첫 비상저감조치,Culture
669,SUV로   접수한 현대차  미국서 전기차 생산 계획 ,Culture
670,에디슨모터스    일 쌍용차 본 계약 추진,Culture
671,미국서 혼다 제친 현대차      년 판매량 절반 친환경차로 ,Culture
672,SK     세포 유전자 치료제 CDMO  CBM 에      억 투자    대 주주로,Culture
673,현대모비스  SW 중요도 커졌다 카메이커 테크 기업 경쟁 본격화 ,Culture
674,만  세 이상 남자 여탕 금지 정신질환자 목욕탕 이용 가능 왜,Culture
675,    년간 에게해 지킨  눈물 장군  아킬레스의 무덤,Culture
676,에디슨모터스  쌍용차와   일 본계약 체결 합의,Culture
677, 날씨  공기질 비상 수도권 영서 충남 초미세먼지 주의보,Culture
678, 뉴스   날씨  수도권 충남 강원  초미세먼지 주의보 ,Culture
679, 위클리 핫북 박근혜 옥중서간록  위    대    팬심 컸다,Culture
680,헬리코박터 약 먹었더니 복통 설사  괜찮은 걸까 ,Culture
681, 가족  동그란 빵 닮았다고  범백 이겨낸 아기고양이  빵덕이 ,Culture
682, 날씨  휴일 초미세먼지 비상 수도권 충청 공기질 매우나쁨,Culture
683, 날씨  휴일 덮친 잿빛 하늘 수도권   충남 올 첫 비상저감조치,Culture
684,일제가 없앤 조선   상징물   광화문 월대 난간석이 구리 동구릉에 ,Culture
685, 벤츠라면 무조건 용서  또 통할까 E클래스 노리는 EQE  벤츠 킬러는 벤츠   왜몰랐을카 ,Culture
686,타이어업계  잇단 탈    타이어 선언 사업다각화 가속,Culture
687,  세 호랑이띠 할머니의 하루 루틴은 그저 놀랍다,Culture
688,코로나로 여행 못가자 반전   특급호텔로 몰려  고급 여가  뜬다,Culture
689,치매 예방에 코로나 치료   비아그라 반전은 어디까지,Culture
690, 타이항산 스라소니 로 불린 진옥출의 부활,Culture
691, 뉴스분석  윤석열의 GTX   취지는 좋지만 순환선 등 효과 의문,Culture
692, 백신 접종 후 생리주기 변화  사실이었다,Culture
693, 날씨  올 첫 비상저감조치 서쪽 낮에도 연무,Culture
694,관객 배우 중계 없는  골든글러브   오징어게임   관행 깨고 영광 안을까,Culture
695, 날씨  휴일 초미세먼지 비상   수도권 충남 비상저감조치,Culture
696, 수면제 끊기 죽을 만큼  든데  왜 아무도 알려주지 않았지  ,Culture
697,아침에 붓는 얼굴 다리   뜻밖의 결과가 ,Culture
698, 유행은 돌고 돌아  그 시절 레트로 패션이 돌아왔다,Culture
699,끔찍한 우순경 사건    정신병원 설립 눈돌린 정부,Culture
700, 날씨  전국 초미세먼지 비상   수도권 충남 비상저감조치,Culture
701,배추 먹으면 생기는 몸의 변화,Culture
702, 이 음식  암 사망률 낮추고  다이어트 효과까지,Culture
703,반도체 수급난 장기화로 전전긍긍하는 완성차업계,Culture
704, 내일 날씨  아침 대부분   도 내외 서쪽지방 안개 주의,Culture
705,D     골든글로브  오징어 게임  수상 거머쥘 수 있을까,Culture
706, 날씨  수도권 충남 미세먼지주의보 강추위 주춤,Culture
707,현대차그룹  올 상반기 친환경차 누적    만대 판매 달성할 듯,Culture
708, 코로나    신규확진     명 위중증    명  나흘째    명대,Culture
709, 어쩌다  만 나이가 어때서,Culture
710,코로나    감기처럼 풍토병으로 바뀔까 ,Culture
711,현실세계서  핫 한 가상인간들,Culture
712, 리빙톡  살 빨리 빼주는  거꾸로 식사법  새해에 도전 ,Culture
713,수도권 충남 올해 첫 초미세먼지주의보 비상저감조치 발령,Culture
714, 홍종선의 명대사     토닥토닥 위로 한 모금  커피 한잔할까요 ,Culture
715,BTS  재수 끝에 그래미 트로피 손에 쥘까,Culture
716, 날씨  중국발 스모그  미세먼지   수도권 충남 비상저감조치,Culture
717,눈 덮인 피라미드 같은   도도한 위엄  마주하다  박윤정의 원더풀 스위스 ,Culture
718, 혼자 장도 못 본다      일부터 마트 방역패스 시행  부글 ,Culture
719, 먹을수록 빼앗긴다  내 영양소 훔치는 음식 식탐 ,Culture
720, 개인 자유  vs  운동 시야 방해    헬스장 레깅스 도 논란,Culture
721, 아름다운 강산  원곡 가수 박광수 별세 향년   세,Culture
722, 에세이  내 마음의 보청기,Culture
723,한국인 열광시켰던  서민 포르쉐  골프   년 만의 귀환  신차털기 ,Culture
724, 날씨  휴일 고농도 미세먼지 올 첫 비상저감조치,Culture
725, 반복되는 대유행 거리두기 효과 갈수록 떨어져 ,Culture
726, 헬스S  연예인 아닌 누구나  공황장애 증상은 ,Culture
727, 광화문 월대에 설치됐던   세기 난간석  동구릉에 있다 ,Culture
728,태풍 이름서  고니  퇴출 개나리 소라 가리온 중 하나로 대체,Culture
729,메타인지 전도사의 깨달음  성적 중압감이 아이를 병들게 한다 ,Culture
730, 날씨  중국발 스모그 유입   오늘 종일 공기 탁해,Culture
731, 날씨  중부  올해 첫 미세먼지 비상저감조치  외출 자제 ,Culture
732,젊어진   구찌 이유 있었네  구찌코리아 실뱅꼴라델 대표 선임,Culture
733, 날씨  중국발 스모그 유입   수도권 충남 미세 비상저감조치,Culture
734,  년 복용한 수면제 끊었더니 나타난 금단증상들 ,Culture
735,아직도 커피믹스가 건강에 나쁘다고 생각하시나요 ,Culture
736, 인터뷰 교장  은퇴 출가  도신 스님  속세 떠나도 화두는 인내 ,Culture
737, 더사주 오늘의 띠별 운세   월  일 일요일 음력   월  일  ,Culture
738, 오징어 게임   한국 최초 골든글로브 작품상 도전,Culture
739,날개 돋친 듯 팔리는 K팝 음반    반기 든 팬들,Culture
740,외신도  정치 드라마 라는데  설강화  품은 디즈니의 속내  연예 마켓  ,Culture
741,     대    조심해야 하는 엄청 아픈  이 질환 ,Culture
742,외국 다큐 속  유영철   오징어 게임  같은 현실을 들추다,Culture
743,한국인 열광시켰던  서민 포르쉐  골프   년 만의 귀환  신차털기 ,Culture
744, 날씨  휴일 고농도 미세먼지 올 첫 비상저감조치,Culture
745, 녹유 오늘의 운세    년생 혹시 했던 우려 바람되어 사라져요,Culture
746,쌀 씻을 때  이 색깔  물 나오면 곰팡이 의심,Culture
747, 뉴스  날씨  내일 새벽까지 중부에 눈 조금 수도권 충남 미세먼지  매우 나쁨 ,Culture
748,오은영  만 세 전 과도한 미디어 노출 안돼요 ,Culture
749, 날씨  밤사이 중부  cm 안팎 눈 수도권 미세먼지 주의,Culture
750,수면장애 피하려면  잠 부르는 식품  ,Culture
751, 날씨  중부  밤사이 눈 살짝 공기 더 탁해져,Culture
752, 신년대예측   그림에 빠진 MZ 세대  미술 시장  조 원 시대 열리나,Culture
753,탈락  탈락  탈락    이 쪽지 하나가 저를 쓰게 했습니다,Culture
754,라임병 옮기는 진드기  겨울에도 쌩쌩한 이유는 ,Culture
755, 진짜 감쪽같더라  CES 푸드트럭 긴 줄 이유 있었네  추적자추기자 ,Culture
756, 인간 수명    세 돌파 가능    연구팀 그 근거 찾았다,Culture
757, 날씨  대기질 악화  초미세먼지  밤사이 중부 눈 살짝,Culture
758,BMW 미니 첫 전기차  주행거리도  미니     회 충전에     ,Culture
759, 날씨  밤 사이 중국발 스모그 유입   내일 대기 질  매우 나쁨 나쁨 ,Culture
760, 겨울에 더 아파   오십견  증상과 예방법,Culture
761, 가정예배      월  일  하 나 세   하나님 나라에는 사명이 있습니다,Culture
762, 아메리카노     원 시대 스타벅스 기프티콘 미리 사자 ,Culture
763,error,Culture
764,칼로리 태우는 공장   이것  부족하면 심장병도 위험,Culture
765, 날씨  초미세먼지 유입 내일 수도권 충남 미세먼지 비상저감조치,Culture
766, CES       KAIST팀  아시아 유일 자율차 경주  등 값진 성과 ,Culture
767, 영상   디자이너가 만든 전기차는   피스커  오션 공개,Culture
768, 묻지마 벤츠사랑   이젠 끝났다  이 갈던  제네시스   년 연속  별들의 전쟁  승리 세상만  ,Culture
769, CES       시속    km 질주하는 자율주행 레이싱  와우 ,Culture
770,이번엔 헬스장 레깅스녀 논란  개인 자유  vs  운동 방해 ,Culture
771, 가족의 발견     구조자 다리 붙잡고 놓지 않던 새끼 강아지,Culture
772, 하늘에서 본 순창 과  추억이 어린 순창   복작복작 순창 사람들 ,Culture
773,아침 최저     도  다음주 더 춥다  수도권 등 곳곳 눈 비,Culture
774, 영상  CES  승자는 테슬라   베이거스 루프  인기폭발,Culture
775, 날씨  밤사이   스모그 유입   휴일 대기 질 최악,Culture
776,다 같은 뱃살 아냐   이런 모양 일 때 가장 위험,Culture
777, 날씨  추위 주춤  미세먼지 말썽 중부 곳곳 약한 눈,Culture
778,추위 거리두기 영향으로 전국 관광지와 번화가 한산,Culture
779, 날씨  전국 대부분 공기질 나쁨 중부 곳곳 약한 눈,Culture
780,  시 날씨  내일 새벽까지 중부에 눈 조금 수도권 충남 미세먼지  매우 나쁨 ,Culture
781, 이상형 아내  밥먹는 소리 거슬려 이혼 충동   팬텀 스레드  영화 리뷰  씨네프레소 ,Culture
782,번아웃을 알리는 뜻밖의 증상  ,Culture
783,반려인이 가장 클릭하기  든 기사  이런 겁니다,Culture
784,일론 머스크가 우주복 디자이너에게 요구한 단 하나,Culture
785,한국인의 유별난 벤츠 사랑 국내 판매 첫  위 등극,Culture
786, 날씨  밤부터   스모그 유입   휴일 대기 질 최악,Culture
787,여수 지역민이 사랑하는 겨울 대표 음식 물메기탕,Culture
788,협심증 심근경색 경험자  운동 시  이것  주의,Culture
789, 마라톤에 지쳤을 때 만난 트레일러닝 나무 꽃 바위 매일 새로워요  양종구의    세 시대 건강법 ,Culture
790,이틀 앞둔  골든글로브    오징어게임  관행 깨고 수상 거머쥘까,Culture
791, 날씨  추위 대신 미세먼지 밤사이 중부 곳곳 약한 눈,Culture
792,슬프거나 화가 날 때 술을 마시면 더 위험한 까닭  건강 톡 ,Culture
793,콩닥콩닥 뛰는 가슴  심방세동 의심해야,Culture
794, 주간 대중문화 이슈  김미수 사망   이나은 학폭 논란 종결   하이브 굿즈 논란 등,Culture
795, 날씨  초미세먼지  나쁨    늦은 오후부터 중부 눈,Culture
796,펫숍의 예쁜 반려견들  그들의 부모는 어디에 있었나,Culture
797,K 팝 해외팬  역직구  열풍 음반 수출액은 신기록,Culture
798,코로나  미세먼지 겨울철 호흡기 지키는 방법,Culture
799,사건 해결 열쇠 사람에게는 지문  개는  비문  있다,Culture
800, 런던 통신    년 전 음반이     만원 ,Culture
801,조국   멸공 재벌회장 거의 윤석열 급  맞받아친 정용진   리스팩 ,Culture
802, 날씨  주말 서쪽 짙은 미세먼지   밤부터   스모그,Culture
803, 다이어트 주사 맞았다가   가수 이은하도 앓은 질환  건강 톡 ,Culture
804, 경제성장  연구에 한평생 김신행 전 서울대 교수 별세,Culture
805, 주말오후 날씨  서쪽 초미세먼지  중부 약한 눈 비,Culture
806, 오토쇼 로 변한 CES 주목 받은 차는   궁금타 ,Culture
807,호흡곤란  마른기침이 주증상  간질성 폐 질환  생명 위협,Culture
808,오미크론 끝으로 팬데믹 종식될까 ,Culture
809,나도 모르게 마시던  이 음료  암 위험 높여,Culture
810, 날씨  주말  추위 덜해 중서부 탁한 공기,Culture
811,탈모  체중 관리부터 시작해야 예방 가능,Culture
812,환자만  억 명 넘어간다는 치매 예방에 좋은 방법  ,Culture
813,과학자들  달의 물  산업용으로 활용할 순 있을 듯 ,Culture
814,코고는 사람이 밤중에 오줌 누면 수면무호흡증 ,Culture
815, 날씨  주말 서쪽 짙은 미세먼지   밤사이   스모그,Culture
816,러시아 명태는 신분 상승 중    한겨울의 황태덕장  서재훈의  형형색색  ,Culture
817,대선 피로감  그래도 조금은 차분하게 ,Culture
818, 날씨  한파특보 모두 해제 주말 미세먼지  나쁨 ,Culture
819, 남편 있어도 없어도 짜증  아기에게도 위험한 산후우울증  건강 톡 ,Culture
820, 날씨  주말 고농도 미세먼지 말썽 중부 곳곳 눈 조금,Culture
821,    년 전 뻘에 묻혀 있던 나무가 부처로 거듭난 곳,Culture
822, 날씨  주말 서쪽 짙은 미세먼지   밤부터   스모그,Culture
823,전국 곳곳 눈 비 수도권 미세먼지 나쁨,Culture
824,입속 알갱이가  역한 입 냄새  뜻밖의 원인  ,Culture
825, CES      전기차 시장 뛰어든 베트남  삼성  빈패스트  선두될 것 ,Culture
826, 주말오전 날씨  서쪽 미세먼지 주의 중부 약한 눈 비,Culture
827, 날씨  주말 중서부 공기질 말썽 낮동안 큰 추위 없어,Culture
828,전세계 화제작  오징어게임  관행 깨고 골든글로브 거머쥘까,Culture
829, 조용철의 놀면 뭐먹니   부드러운 맛과 영양을 간직한 고흥 삼치,Culture
830, 더오래  얼마 안 남은 시간 내 아들의 새 부모를 찾습니다,Culture
831, 강달러 비상  원자재 폭등  명품가격 인상   유통가 긴장,Culture
832,기술개발 시장쟁탈 가속화 중국 배터리 위상 유지할까 ,Culture
833, 뉴스쉽  백신   거리두기만큼 중요한  이것   코로나 확산 막는다,Culture
834,골든글로브 D    오징어게임  수상할까,Culture
835,조PD 조피디   VFX 전문기업 인수    K팝 리얼리티 NFT 첫 공개,Culture
836,백한 살 철학자  다시 한 살이 된 사연,Culture
837,주말에 몰아자기  더 피로 부를수도 적절한 체력 보충법은 ,Culture
838, 날씨  주말  서쪽 대기 질  나쁨   오후부터 중부 눈 날림,Culture
839,    뺀 폼페이오 전 장관  감량 비결은  이것 ,Culture
840,인천서 재택치료자  명 숨진 채 발견,Culture
841,치밀 유방이라면 다른쪽 유방에 암 재발 위험 높아,Culture
842,블랙핑크 지수도 못한 일인데 이 배우가 할 수 있을까,Culture
843,맛있는 꿀조합  알고보니 머리에도 좋다  식탐 ,Culture
844,조선  내방가사  전시회 한글로 뽐낸 여성 주체성 서주연 국립한글박물관 학예사 인터뷰,Culture
845, Y imazine   호랑이해엔 고양이죠  아시아 고양이마을 탐방,Culture
846,정부의  종교편향   불교계   년 만에 거리로 나선다,Culture
847,절대 안 빠지는 뱃살    가지만 제대로 해보세요,Culture
848,지구 반대편에서    원격 생산  가능해진다  현대차의 메타팩토리 뭐지 ,Culture
849,모르는 번호로 문이 열린다 도어락 마스터키의 정체,Culture
850,  년 만에 인천 대표하는 도시와    년 된 맛집 이송렬의 맛동산 ,Culture
851, 날씨  주말 미세먼지  비상  밤부터 중부지방 눈 조금,Culture
852,험로 주행  타이어부터 챙겨야  난이도 따라 그룹 주행 필수,Culture
853, 날씨  미세먼지 심한 주말 내일 더 탁해져,Culture
854,오프로드 카  울퉁불퉁 험로에선 오 려  푹신 ,Culture
855,길고양이 호두야  다음에는 오랜 친구가 되자,Culture
856, 비장의 무비  당신에게도  눈에 밟 는  사람이 있나요,Culture
857,      신차  볼보가 국내에 내놓는 첫 전기차 XC   C   리차지,Culture
858, 문화   오징어게임  이정재  골든글로브 시상식 안간다  ,Culture
859,포도   알을 먹었더니 새해가 밝았다  이용재의 식사     ,Culture
860,백신 접종 촉구 전문가의 백신 미접종,Culture
861, 크루아상  무턱대고 먹었다간    나쁜 지방 의 유혹,Culture
862,덩치 커지자 버려졌다 대형견  단지  철창살이  년  개st하우스 ,Culture
863,맛있는 꿀조합  알고보니 머리에도 좋다  식탐 ,Culture
864,기술 뽐내는  자율주행  글로벌 완성차 업계  경쟁 본격화,Culture
865,회장님들 연예인들 알음알음 온다 골프레슨 받으러 간다는 이곳  남돈남산 ,Culture
866, 주사 따가우실게요   공손성이 문법성 이겼다  한판승부 ,Culture
867,골프회원권   억원  서울아파트  채 값 거품 터지나  라이프 골프 ,Culture
868, 오늘은  도쿄서 일왕 폭살시도 만방에 기개 떨친 이봉창,Culture
869, 박진영의 사회심리학 성취 가능한 목표를 세우고 작심삼일을 자책하지 말라,Culture
870, 오늘 날씨  서울 아침   도 영하권 추위 초미세먼지  나쁨 ,Culture
871,추억의   년대  떡볶이 코트 와 서태지  컴백홈 에 열광하는 이유,Culture
872, 날씨  중서부 전북 대구 공기 탁해   오후 늦게 중부 눈 조금,Culture
873, 불교계 고심  조계종 출가 캠페인   은퇴 청소년 출가 제도 운영,Culture
874,글루텐에 민감해서  장 망가뜨리는  이 질환 ,Culture
875, 오늘 날씨  전국 곳곳 한파 특보  영하   도   미세먼지 주의,Culture
876, 교양서    만부 팔았는데 소설은 세 번 퇴짜 맞았죠 ,Culture
877,아들을 갈대상자에 담아 떠나보낸  요게벳의 마음은 어땠을까요,Culture
878,너물비빔밥 먹을까  볼락매운탕 맛볼까  이 항구의 겨울은 왜 이리 맛나고 풍성할까,Culture
879,고딕 한옥 하모니 속 격동의 역사가 깃들다,Culture
880, 김지수의 인터스텔라   스승은 유튜브  비서는 AI  단 생각은 네가 하라  송길영,Culture
881, 평범한 도로는 가라  우리는 거친 길만 달린다 ,Culture
882,안방서도 체면 구긴  르쌍쉐  벤츠 BMW 판매량에 밀렸다,Culture
883, 황석희의 영화 같은 하루       the liver  the lungs  the spleen  and the heart,Culture
884,관리집사의 눈물  청지기인가  잡일꾼인가 교회내 비정규직의 세계,Culture
885,우주를 그리는 기술 VFX  새로운 한류 이어간다,Culture
886, 의 살아있는 권력  김정은을 파헤치다,Culture
887, 돌연사 주범  협심증 심근경색  금연 절주해야 예방한다,Culture
888,코로나 확진자 급감한 일본  송년 신년회로 북적,Culture
889,유전자 데이터 누가 통제해야 할까,Culture
890,마크 테토  한국살이   년 만에 한옥에 맞는 가구 디자인까지,Culture
891,오미크론 확산에  월 하루  만명 확진 가능성 전문가들  경증 폭증 맞춤 의료체계로 전환해야 ,Culture
892, 라인 날씨  오늘 서쪽 지역  고농도 미세먼지  주의 밤부터 중부에 눈 조금,Culture
893, 만명이 쌓아올린   m 타워  화성 허허벌판의 건축 기적,Culture
894, 날씨와 생활  아차하는 순간  쿵  고령층에게 더 위험한  낙상 ,Culture
895,주요 일간지에  신천지 전면광고  등장  이단 경각심 늦춰선 안돼 ,Culture
896,활발한 성생활  이런 건강효과  불러,Culture
897, 날씨  내일도 영하권 추위 계속   곳곳 눈 조금,Culture
898, 생활날씨  주말 큰 추위 없어 곳곳 미세먼지  나쁨 ,Culture
899, 뉴스  날씨  내일도 서쪽 지역  고농도 미세먼지  주의 밤부터 중부에 눈 조금,Culture
900,깨어진 석탑의 러브스토리  우리 선화공주 어디로 갔나,Culture
901, 매일  시간 운동  시간 독서땐 치매 발병 확률     낮아져요 ,Culture
902, 책의 향기 비너스의 머리칼에 유체역학의 비밀 숨어있다,Culture
903, 종교편향  불만 터뜨린 불교계  전국승려대회로 정부 압박 강화,Culture
904,상처는 글이 된다 말해준 그의 글쓰기  책과 삶 ,Culture
905, 날씨  주말 곳곳 미세먼지  매우 나쁨  중부지방 눈비,Culture
906,추운 올겨울  면역력  쑥  올리는 과일 ,Culture
907,정용진    시진핑 사진 논란되자 삭제 후 올린 게시물이 ,Culture
908, 날씨  미세먼지 심한 주말 모레 수도권  매우 나쁨 ,Culture
909, 스브스뉴스  연필깎이 평생  공짜로 고쳐주는 곳,Culture
910, 퇴근길 날씨  주말 추위 주춤 공기 점점 탁해져,Culture
911,부신 종양  양성이면 괜찮다   당뇨병 고혈압 일으킬 수도 ,Culture
912, 사실은   공짜로 타는 전기차   보조금테크 를 아시나요 ,Culture
913, 내일날씨  서울 아침   도 영하권 추위 초미세먼지  나쁨  종합 ,Culture
914, CES       전세계 전기차 한 자리에   모빌티리관 가보니,Culture
915,정은경  오미크론 우세종 될것   월 하루확진  만명 경고,Culture
916,스타벅스 동서식품  커피값 올린다 식품업계 가격 줄인상,Culture
917, 코로나TMI   오미크론 우세종 되면 확진자  만 명 될 수도   경증 관리체계 마련해야 ,Culture
918,조계종   종교편향  대정부 압박 강화   일 전국승려대회,Culture
919, 신차 시승기 대통령 단골 의전차  에스컬레이드 ,Culture
920,  년 기다린     만원대 독일차  디젤인데 괜찮네  잘 노는  오빠차 전설   신형 골프,Culture
921, 날씨  제주 내일 아침 기온 높아 주말 대체로 흐림,Culture
922, 날씨  주말 아침 영하권 추위 중부 중심 비  눈 조금,Culture
923, fn우리의식탁  주말 걱정 끝  뚝딱 만드는 라이스페이퍼 요리  가지,Culture
924, 날씨  주말  중국발 스모그 유입   서쪽 초미세먼지  나쁨 ,Culture
925,토요일 오후부터 수도권 강원에 비 눈 조금,Culture
926, 퇴근길 날씨  주말 추위 주춤 내일 밤 중부 약한 눈 비,Culture
927,치밀유방  유방암 수술 후 반대측 재발 위험 올라가,Culture
928, 영상     만 원  버거 세트 등장 잠실  고든 램지 버거   아시아 최초 오픈,Culture
929,부스터샷 다음은 파이널샷  피니시샷   N차 접종 아닌 장기적 대책 필요해,Culture
930,장동건 발바닥 땀나게 뛰어다닌 이 마을  올해 뜰  범플 이었네,Culture
931, 주말날씨  토요일 밤 중부 약한 눈 수도권 초미세먼지  나쁨 ,Culture
932,매일 댓글달던 페친  결혼식 느닷없이 등장 대다수 반응은 이랬다  Books ,Culture
933,눈물나게 일 못하는 직원  다 부장님 탓이라고요   Books ,Culture
934,   조원 굴리는 억만장자  그가 뽑은 위대한 투자자는  Books ,Culture
935, 날씨  서쪽 공기 탁해 내일 밤사이 중서부 눈 살짝,Culture
936,나이 들어  뱃살 빼기    과욕  삼가야 성공,Culture
937, 날씨  중부 중심 한파 특보 주말 중서부 공기질 말썽,Culture
938, 내일 날씨  전국 오전부터  흐림   수도권 충남  눈 빗방울 ,Culture
939,  연구팀  코로나   백신  여성 생리주기에 영향 ,Culture
940, 멸공  정용진 신세계 부회장  검찰에  번 통신조회 당했다,Culture
941, 세계날씨  미국 워싱턴 DC 신년부터 폭설 마비된 고속도로,Culture
942, 오징어게임  정호연  보그지 표지모델,Culture
943, fn우리의식탁  주말 걱정 끝  뚝딱 만드는 라이스페이퍼 요리  가지,Culture
944,함익병  언론탄압  분노 돌연 삭제된 백신 영상 뭐길래,Culture
945,신차 대기 길어지자 중고 제네시스 G   그랜저 가격  ,Culture
946,내주 들어오는 화이자  먹는 코로나   치료제 는 어떤 약 MSD는 국내 승인 검토 중,Culture
947,새해의 시작   산봉우리 책방 주인 이 됐습니다,Culture
948,미니 첫 전기차  짧은 주행가능 거리 어쩌나    km 불과,Culture
949, 레알시승기  스포츠 세단  반반  이미지도 장점  기아       스팅어,Culture
950, 프레스룸 날씨  중서부 공기 탁해  주말 큰 추위 걱정 없어,Culture
951,박근혜 서간집  그리움은   편지  만 통 읽으며    견뎌,Culture
952, 빵 사 먹기도 무섭네   대전 빵집  성심당부터 간식값 줄인상,Culture
953, 날씨  서쪽 미세먼지 쌓여 주말  밤사이 중서부 눈 살짝,Culture
954, 포켓이슈  코로나  지폐 유통수명 늘렸다 ,Culture
955,법정스님 해남 생가터에 마을도서관 포토존 생겨,Culture
956,    만원 미만  경형 전기차  시장 열린다,Culture
957,위기의  르 쌍 쉐  신차로 돌파구 모색,Culture
958,원두    원인데 아메리카노     원     별다방 맥심  동시 가격인상,Culture
959,스타벅스 카누 커피값 줄줄이 오른다,Culture
960,추울수록 심해지는 비염   이 곳  눌러 완화,Culture
961,겨울하면 곰치국 방어밖에 모르는 당신이 불쌍해요  지극   적인 시장 ,Culture
962, 퇴근길 날씨  서울    도 쌀쌀 중서부 초미세먼지  나쁨 ,Culture
963,쿠폰   장 모아 시켰더니 배달된 닭발 상태  깜짝 ,Culture
964, 남산 딸깍발이  시대의 지성 이어령 박사  걱정마  나 절대로 안 죽어 ,Culture
965,배민 너마저  할인 기간 단축에 사장님들  요금 인상 수순  우려,Culture
966,양림동 펭귄마을 골목을 싸목싸목 거닐어 봅시다,Culture
967, 날씨  동쪽 대기 건조 심해 서쪽 미세먼지 말썽,Culture
968,먹어도 배고픈 요괴  돈밖에 모르는 요괴  요망하고 고얀 것들 ,Culture
969,살충담배 유령란 등 신종 식물 디캐프리오 나무는 무엇 ,Culture
970,BTS 지민 올린 제주 여행 사진 한 장에   핫플 된  이곳 ,Culture
971, 날씨  오늘 중서부 전북 초미세먼지   건조특보 확대,Culture
972, 주말이 싫다   럭키짱  못 봐서  이것이 김성모 유니버스다 ,Culture
973, 더오래 황혼육아  자식 키울 때 느끼지 못한 기쁨 있다,Culture
974, 오징어 게임  정호연  아시아 최초  보그  표지 단독모델,Culture
975, 날씨  서쪽 중심 공기질  나쁨  낮동안 큰 추위 없어,Culture
976, 날씨  수도권 초미세먼지  토요일 밤 중부 눈 예보,Culture
977,오늘은 이 광산을 살아 나갈 수 있을까,Culture
978, 오후날씨 꿀팁  미세먼지 농도 높아요  내일 밤 중부 눈 조금,Culture
979,스타벅스  커피값 결국 올린다  아메리카노     원 ,Culture
980, 날씨  내일 중서부 전북 공기 탁해    건조특보  확대,Culture
981, 빵 굽는 타자기  해고 이후 우리는 동료와 가족  나를 잃었다,Culture
982, 아  나 차 좋아하네  술보다 차  Z세대 사로잡은 티코스 티오마카세,Culture
983,error,Culture
984,당분간 스벅 끊어야하나   일부터 커피값      인상,Culture
985, 영상  박근혜 옥중서간집  베스트셀러  위    대 이상 독자 우르르,Culture
986, 날씨톡톡  서쪽 대기질  나쁨  주말 큰 추위 없어,Culture
987,새해 다이어트  크림수프 대신  오방색 수프 ,Culture
988,디카페인 건강카페인 대체커피 시장  따끈따끈 ,Culture
989,국가는 왜  나를 파괴할 권리 를 규제하는가,Culture
990, 헤럴드광장  삶을 가장 의미있게 만드는 건  물질적 풍요  ,Culture
991, 치매  막을 수 없는 병 아냐 매일  이것  하면     이상 예방 ,Culture
992, 다음 생에는 남자로 변하여  조선 최 상궁의 소원,Culture
993, 먹는 코로나 치료제  이르면 다음 주 중 국내 도입,Culture
994,잇티제 ISTJ  조선일보 문화부장이 꼽은 넷플릭스 추천작은 ,Culture
995,임신중지 여성의 삶이 후회로 가득할 것이라고  틀렸다  턴어웨이   화제의 책 ,Culture
996, 애니청원  제주 중산간 유기견      마리     죽이지 말고 입양 길 터주세요 ,Culture
997,여름엔 시위대  겨울엔 빙판길 부암동 더는 아름답지 않았다  더오래 ,Culture
998,K헤리티지 미래  한국전통문화  첫 정시   대  경쟁률,Culture
999, 드론으로 바다에 택배 배송  포티투에어  두산모빌리티이노베이션과 MOU,Culture
